[{"Humidity_today":88.0416666667,"Humidity_tomorrow":86.5833333333,"Pressure_today":923.0055833333,"Pressure_tomorrow":921.6981666667,"Temperature_today":22.3916666667,"Temperature_tomorrow":22.1833333333,"Precipitation_today":0.15625,"Precipitation_tomorrow":0.0208333333,"UV Index_today":1.0498595,"UV Index_tomorrow":1.048381125,"Ozone_today":264.0872916667,"Ozone_tomorrow":266.994625,"Rain_Probability_today":12.9166666667,"Rain_Probability_tomorrow":5.0,"Clouds_today":100.0,"Clouds_tomorrow":100.0}]